model,split,label_type,BalAcc,AUC_OvR,Sens_W,PPV_W,F1_macro
base_dev_pmcesd,train,sev_crossing,0.5501770956316411,0.7665738337720963,0.8571428571428571,0.16012558869701726,0.1840647370059135
base_dev_pmcesd,val,sev_crossing,0.5907407407407407,0.7815182821772156,0.8,0.14,0.1804427251235762
base_dev_pmcesd,test,sev_crossing,0.5415642915642915,0.7562996170814079,0.7837837837837838,0.145,0.178307272275999
