Direction,N,MAE,RMSE,Bias
improving,121,6.944919534858526,8.633364647887172,6.265644372604606
stable,956,2.874811561403945,4.233592802680054,0.0942211284531004
worsening,119,7.491671411199494,9.919473888569168,-7.12788544442292
