model,split,label_type,BalAcc,AUC_OvR,Sens_W,PPV_W,F1_macro
base,train,sev_crossing,0.5639049008032965,0.7713333814397773,0.8487394957983193,0.15029761904761904,0.19055067180195806
base,val,sev_crossing,0.5341269841269841,0.7222891373482478,0.6857142857142857,0.10572687224669604,0.16891183954497832
base,test,sev_crossing,0.5145372645372646,0.7036431176568189,0.7027027027027027,0.11353711790393013,0.17430745004103176
