Method,MAE,RMSE,R2,Within-R2-median,Between-R2,MedianPersonMAE,Q1_MAE,Q3_MAE
MixedLM (1_pooled),2.3478220544381885,3.4568995428970735,0.7834673916426139,,0.7834673916426139,1.5240825830658769,0.734800347798519,3.093094466995528
B0: No Change,4.687290969899665,7.430502983105504,-0.0004288674403372106,,-0.0004288674403372106,3.0,1.0,6.0
B1: Population Mean,4.713275019295087,7.428910145027099,0.0,,0.0,2.8461538461538463,0.8461538461538461,6.153846153846154
B2: Last Value Carried Forward,4.713275019295087,7.428910145027099,0.0,,0.0,2.8461538461538463,0.8461538461538461,6.153846153846154
B3: Person-Specific Mean,0.0,0.0,1.0,,1.0,0.0,0.0,0.0
B4: Regression to Mean,2.356637509647543,3.7144550725135494,0.75,,0.75,1.423076923076923,0.42307692307692313,3.0769230769230766
