direction,N,MAE,RMSE,Bias
improving,36,5.909411708465486,7.120478329370793,5.892735634179185
stable,309,2.8711244639771087,4.108440240438689,0.7275002346105128
worsening,50,8.97424285121469,10.648586646115534,-8.94791461489339
