direction,N,MAE,RMSE,Bias
improving,50,8.246369899350618,9.68977942956063,7.880033883613454
stable,320,2.7095100473238203,3.9263450190947027,0.9055632327490948
worsening,41,9.484321102417413,11.895029506708322,-9.484321102417413
