direction,N,MAE,RMSE,Bias
improving,131,4.5235162563960225,5.730839226507641,4.106631648365588
stable,131,1.6412410560369255,2.379371564328645,0.7180301838816863
worsening,133,5.581376681512433,7.722814512153842,-5.125974108101874
