direction,N,MAE,RMSE,Bias
improving,137,6.036461375122262,7.6916284589760675,5.693211867646115
stable,137,1.524808672455548,2.0966912732030045,0.8994818693298209
worsening,137,4.818315372663291,7.407634560197495,-4.609987104960002
