direction,N,MAE,RMSE,Bias
improving,44,9.099546018573754,10.914978334981086,9.085518539385486
stable,330,2.80410886944352,3.996343398280428,0.6928304517589599
worsening,37,9.256295231801635,11.52736259185442,-9.012759496004024
