direction,N,MAE,RMSE,Bias
improving,36,5.891648066247928,7.2630985443582095,5.863697166602694
stable,324,3.1975221129986773,4.779182785253149,0.22757299455665117
worsening,35,8.586626526797764,9.872208077195056,-8.436754961532065
