model,split,label_type,BalAcc,AUC_OvR,Sens_W,PPV_W,F1_macro
base_dev,train,sev_crossing,0.5611963793781976,0.7697388743362706,0.8571428571428571,0.15201192250372578,0.18927512377369338
base_dev,val,sev_crossing,0.5248677248677248,0.7163492682772241,0.6857142857142857,0.10619469026548672,0.16536772264274366
base_dev,test,sev_crossing,0.4979524979524979,0.6941487863356278,0.6756756756756757,0.10964912280701754,0.16861995400770233
