Direction,N,MAE,RMSE,Bias
improving,121,7.031599024784775,8.723638782664006,6.517782643315545
stable,956,2.814216826197059,4.06707447334354,0.14266993812494205
worsening,119,7.999766810375165,10.327466167808858,-7.773480341921239
