model,split,label_type,BalAcc,AUC_OvR,Sens_W,PPV_W,F1_macro
6_prior_soc_ext,train,sev_crossing,0.5666597217399357,0.772014270282797,0.8487394957983193,0.14940828402366865,0.19182030174288733
6_prior_soc_ext,val,sev_crossing,0.5248677248677248,0.7250093795576052,0.6857142857142857,0.10714285714285714,0.16483564309651266
6_prior_soc_ext,test,sev_crossing,0.5055282555282555,0.7007053233230565,0.6756756756756757,0.11061946902654868,0.171086057748186
