model,split,label_type,BalAcc,AUC_OvR,Sens_W,PPV_W,F1_macro
prior_cesd,train,sev_crossing,0.5777716045095724,0.7755656088810619,0.865546218487395,0.14970930232558138,0.19637656462497924
prior_cesd,val,sev_crossing,0.4965608465608466,0.7142085279308853,0.6285714285714286,0.09322033898305085,0.16010344718831804
prior_cesd,test,sev_crossing,0.515970515970516,0.703737729393105,0.7297297297297297,0.108,0.17979094076655053
