direction,N,MAE,RMSE,Bias
improving,36,10.22085009714845,11.642474369472088,10.22085009714845
stable,324,2.88545795532523,4.583451802502738,-0.37290159674700113
worsening,35,11.17885567424255,12.369398654272652,-11.17885567424255
