direction,N,MAE,RMSE,Bias
improving,137,5.636357258398708,7.300091117452105,5.166101801059241
stable,137,1.9826775374932117,2.6739105760549973,1.1646523808673854
worsening,137,4.64188958391669,7.2793596701351495,-4.247333458025051
