direction,N,MAE,RMSE,Bias
improving,131,4.301670364229454,5.517850385752445,3.679189578481723
stable,131,2.079764672570302,3.0653316948364355,0.9548712483206591
worsening,133,5.37670899904519,7.4626124180196065,-4.555725216144556
