direction,N,MAE,RMSE,Bias
improving,44,13.159750057709575,15.166914602573462,13.159750057709575
stable,330,2.64727897256157,3.899432775897585,0.20790109812727028
worsening,37,11.660156102289157,14.054057443755381,-11.660156102289157
