feature,coefficient,abs_coefficient
prior_cesd,-0.02415603783643292,0.02415603783643292
