feature,coefficient,abs_coefficient
prior_cesd,-0.005906318998761762,0.005906318998761762
