tier,n_persons,mae_mean,mae_std,mae_median,rmse_mean
high,24,0.8698511308954381,0.5163084437267372,0.9952789136233028,1.2363515883545677
medium,48,3.3248083531275103,1.383289956474012,2.7719706963667856,4.094755601975948
low,24,10.668143053855964,4.294452935298529,9.489166898723909,12.39144669970955
