direction,N,MAE,RMSE,Bias
improving,36,7.0224837318168465,8.16341955271531,7.0224837318168465
stable,309,2.664360170520698,3.7736243889005983,0.5542923263268767
worsening,50,9.476191990671353,11.114906054496522,-9.476191990671353
