direction,N,MAE,RMSE,Bias
improving,50,9.217427852326047,10.678258599217568,9.012138722018166
stable,320,2.556319877668117,3.626103142154588,0.744166629963142
worsening,41,10.17340119763246,12.411769382339756,-10.17340119763246
