direction,N,MAE,RMSE,Bias
improving,36,5.777479187370299,7.186653832282121,5.738064730401201
stable,324,3.2244776965042017,4.7762786861006585,0.27316485801725904
worsening,35,8.52429320803104,9.820655177127364,-8.397863706518548
