direction,N,MAE,RMSE,Bias
improving,44,8.898737800004826,10.730348734490299,8.898737800004826
stable,330,2.842701319997289,4.049886123724402,0.7080370467182583
worsening,37,9.462452465796261,11.695737983910332,-9.1829202552087
