model,split,label_type,BalAcc,AUC_OvR,Sens_W,PPV_W,F1_macro
1_pooled,train,sev_crossing,0.6610644257703081,0.918531849648938,0.9831932773109243,0.17673716012084592,0.2230271753118759
1_pooled,val,sev_crossing,0.46719576719576716,0.5848373492903268,0.45714285714285713,0.06611570247933884,0.1584372751641103
1_pooled,test,sev_crossing,0.45761670761670764,0.5819152062564171,0.4864864864864865,0.07003891050583658,0.17212945784374356
