tier,n_persons,mae_mean,mae_std,mae_median,rmse_mean
high,24,1.1251697374542713,0.3198033456445511,1.162766687517618,1.3042850785448137
medium,48,3.1289937696734142,0.9773911231072115,3.0617360080928657,3.596302892194501
low,24,8.879467613239576,3.1935283574974282,7.781366736989275,10.393752770403427
