tier,n_persons,mae_mean,mae_std,mae_median,rmse_mean
high,24,1.1975320244292835,0.4629116539694604,1.1516973714684742,1.3943480359692684
medium,48,3.207772865537279,0.7901283906895062,3.018570232425957,3.882541660168588
low,24,8.080745596223714,2.4077148319042654,7.708891073624088,9.32010701367838
