Method,MAE,RMSE,R2,Within-R2-median,Between-R2,MedianPersonMAE,Q1_MAE,Q3_MAE
MixedLM (4_prior_switches),3.593643098093429,5.332880133824084,0.48468422957466983,0.40747044185276066,0.7107381845113212,3.168917861499846,1.779888226638211,4.582208050611999
B0: No Change,4.687290969899665,7.430502983105504,-0.0004288674403372106,-0.004415920220991021,-0.0372973342194709,4.5,2.475,6.035714285714286
B1: Population Mean,4.713275019295087,7.428910145027099,0.0,-0.006508344342814332,-5.852353528323917e-05,4.541958041958042,2.487820512820513,6.070054945054944
B2: Last Value Carried Forward,7.727489066117828,11.979101674459354,-1.600149332646763,-1.7299184912866388,0.33630993211720617,7.571428571428571,4.19493006993007,10.75
B3: Person-Specific Mean,4.709520069302678,7.3855228069277175,0.011646564278971372,0.0,1.0,4.566706021251475,2.4816666666666665,6.056972789115646
B4: Regression to Mean,4.69620313029594,7.396393501866889,0.008734923209228529,-0.0016270860857034997,0.7499853691161792,4.542116973935157,2.475854700854701,5.9375
