model,split,label_type,BalAcc,AUC_OvR,Sens_W,PPV_W,F1_macro
9_dev_features,train,sev_crossing,0.5583489594184782,0.7691766987423603,0.8403361344537815,0.14836795252225518,0.18878640671976213
9_dev_features,val,sev_crossing,0.5153439153439153,0.7250018613001991,0.6571428571428571,0.1031390134529148,0.16199562711190618
9_dev_features,test,sev_crossing,0.4979524979524979,0.6937894083373832,0.6756756756756757,0.10964912280701754,0.16861995400770233
