Direction,N,MAE,RMSE,Bias
improving,121,6.416732397978744,8.089389847075571,5.9865712235530415
stable,956,2.7906722796081094,4.007955695699447,0.20607766287268
worsening,119,7.914778929289054,10.108599381820541,-7.742734149211787
