model,split,label_type,BalAcc,AUC_OvR,Sens_W,PPV_W,F1_macro
3_prior_slope,train,sev_crossing,0.5639049008032965,0.7689968289174675,0.8487394957983193,0.14896755162241887,0.1908997551459601
3_prior_slope,val,sev_crossing,0.5248677248677248,0.7208461917578813,0.6857142857142857,0.10434782608695652,0.16651334522356767
3_prior_slope,test,sev_crossing,0.5055282555282555,0.7004743062167091,0.6756756756756757,0.10964912280701754,0.17155681157011057
