model,split,label_type,BalAcc,AUC_OvR,Sens_W,PPV_W,F1_macro
7_sw_screens,train,sev_crossing,0.5667060212514757,0.7803817504096555,0.8571428571428571,0.15292353823088456,0.1911293795263261
7_sw_screens,val,sev_crossing,0.5246031746031746,0.7103837520693702,0.6571428571428571,0.10043668122270742,0.166991699169917
7_sw_screens,test,sev_crossing,0.48751023751023753,0.6939210473890771,0.6216216216216216,0.10043668122270742,0.1667886530485506
