model,split,label_type,BalAcc,AUC_OvR,Sens_W,PPV_W,F1_macro
4_prior_switches,train,sev_crossing,0.5693682431650346,0.7791270470568646,0.8403361344537815,0.15015015015015015,0.19245257174166153
4_prior_switches,val,sev_crossing,0.5251322751322752,0.7162512976918102,0.7142857142857143,0.10869565217391304,0.16571231890860164
4_prior_switches,test,sev_crossing,0.5131040131040131,0.7036121662652506,0.6756756756756757,0.10775862068965517,0.17556026027861593
