model,split,label_type,BalAcc,AUC_OvR,Sens_W,PPV_W,F1_macro
8_prior_sw_scr,train,sev_crossing,0.5776790054864921,0.7840122176839138,0.8487394957983193,0.15165165165165165,0.195349959722263
8_prior_sw_scr,val,sev_crossing,0.5343915343915344,0.7210501490896847,0.7142857142857143,0.10869565217391304,0.16902906849400798
8_prior_sw_scr,test,sev_crossing,0.5055282555282555,0.7021985943113794,0.6756756756756757,0.10869565217391304,0.17205160216396173
