tier,n_persons,mae_mean,mae_std,mae_median,rmse_mean
high,24,1.0567233184298137,0.3781459500694638,1.082513279711506,1.2484021589122187
medium,48,3.142977544332538,0.9915424195569937,3.0401642042230286,3.5896949977548247
low,24,8.811559478402081,3.115567765302339,7.825780646405166,10.401522124221144
