tier,n_persons,mae_mean,mae_std,mae_median,rmse_mean
high,24,1.1987479697725505,0.4845963568388233,1.0847277122216312,1.360261622969624
medium,48,3.1865868301524944,0.7802764699366699,3.161316193777566,3.907805409218503
low,24,8.113813174837047,2.4105108139853386,7.703818126851454,9.361138500302305
