model,split,label_type,BalAcc,AUC_OvR,Sens_W,PPV_W,F1_macro
5_prior_social,train,sev_crossing,0.5694145426765748,0.7745650808986735,0.8487394957983193,0.15029761904761904,0.19261785526449038
5_prior_social,val,sev_crossing,0.5341269841269841,0.7257895399034276,0.6857142857142857,0.10714285714285714,0.16805625501277674
5_prior_social,test,sev_crossing,0.5055282555282555,0.7033393480837278,0.6756756756756757,0.1111111111111111,0.17085960836375705
