direction,N,MAE,RMSE,Bias
improving,131,5.656945341717496,7.372600024466276,5.656945341717496
stable,131,0.5310720970499182,0.7557436264375353,-0.013134786789990336
worsening,133,6.6426213920502,8.604080376798084,-6.6426213920502
