direction,N,MAE,RMSE,Bias
improving,137,7.240161804780468,9.702364342871515,7.240161804780468
stable,137,0.5227646691741803,0.8732641868639851,0.32733090670838966
worsening,137,5.989313228740523,8.303730253366668,-5.989313228740523
