tier,n_persons,mae_mean,mae_std,mae_median,rmse_mean
high,24,1.131094661465248,0.5108845962009253,1.176618805583073,1.2507066323349716
medium,48,3.2392381883554826,0.8733100369781903,3.0010057360513684,3.9306033339776576
low,24,8.092231030014931,2.46636281788756,7.633796049945343,9.372949497901674
