tier,n_persons,mae_mean,mae_std,mae_median,rmse_mean
high,24,1.098208713886223,0.37059036583881183,1.152809888911075,1.3134574409886186
medium,48,3.163103967576436,1.0276513664245035,3.177439801264276,3.648628264741552
low,24,8.946156809827016,3.265154732273677,8.17049018201978,10.530042254742833
