direction,N,MAE,RMSE,Bias
improving,50,8.081304656778064,9.528934960822513,7.635215192423389
stable,320,2.766499218296226,3.9823413408391355,0.9189673027919694
worsening,41,9.521991642441073,12.021337162345194,-9.521991642441073
