direction,N,MAE,RMSE,Bias
improving,36,5.85568550121349,7.1038118817285705,5.808551192146125
stable,309,2.9090841876567453,4.151042666410848,0.7497317040733589
worsening,50,8.82717189328317,10.4739062088015,-8.79248849824085
