direction,N,MAE,RMSE,Bias
improving,50,12.97725088450378,14.690873673529092,12.97725088450378
stable,320,2.353693712650247,3.4558427745251548,0.15425109971032125
worsening,41,11.756397731609026,13.823543549229509,-11.756397731609026
