direction,N,MAE,RMSE,Bias
improving,131,4.326884650875427,5.55801729214923,3.7339240212851545
stable,131,1.9707103350596107,2.8866028820761014,0.9113394762698727
worsening,133,5.440928423134801,7.545457800037323,-4.654054087212623
