direction,N,MAE,RMSE,Bias
improving,137,5.716104393442214,7.371780194987382,5.291337848356746
stable,137,1.8768468695996814,2.570856428122335,1.0755541137377966
worsening,137,4.583828848711879,7.18801021052769,-4.214156462377249
