direction,N,MAE,RMSE,Bias
improving,36,7.1398531718121,8.328147020256951,7.1398531718121
stable,324,3.0306109587142243,4.630286449531781,0.005938666203105361
worsening,35,8.884389764606443,10.047143389312025,-8.81950566823423
