direction,N,MAE,RMSE,Bias
improving,44,10.039565859664304,11.675550432027203,10.030169456402334
stable,330,2.7179941911890597,3.8024249412026716,0.5490449067099167
worsening,37,9.657411396092211,12.142905927835612,-9.483282884048437
